club_id,club_code,name,domestic_competition_id,total_market_value,squad_size,average_age,foreigners_number,foreigners_percentage,national_team_players,stadium_name,stadium_seats,net_transfer_record,coach_name,last_season,url
127,sc-paderborn-07,SC Paderborn 07,L1,,26,25.7,5,19.2,1,Home Deluxe Arena,15000,€-450k,null,2019,https://www.transfermarkt.co.uk/sc-paderborn-07/startseite/verein/127
192,roda-jc-kerkrade,Roda JC Kerkrade,NL1,,25,24.0,9,36.0,0,Parkstad Limburg Stadion,19979,+€1.30m,null,2017,https://www.transfermarkt.co.uk/roda-jc-kerkrade/startseite/verein/192
2239,us-cremonese,US Cremonese,IT1,,29,25.4,9,30.0,2,Giovanni Zini,16003,+€5.00m,null,2022,https://www.transfermarkt.co.uk/us-cremonese/startseite/verein/2239
2423,cd-santa-clara,CD Santa Clara,PO1,,38,25.4,20,52.6,2,Estádio de São Miguel,12500,+-0,null,2022,https://www.transfermarkt.co.uk/cd-santa-clara/startseite/verein/2423
24245,umraniyespor,Ümraniyespor,TR1,,12,25.8,3,30.0,1,Ümraniye Belediyesi Şehir Stadı,3513,+-0,null,2022,https://www.transfermarkt.co.uk/umraniyespor/startseite/verein/24245
2553,kilmarnock-fc,Kilmarnock FC,SC1,,22,24.7,9,40.9,1,"BBSP Stadium, Rugby Park",18128,+-0,null,2023,https://www.transfermarkt.co.uk/kilmarnock-fc/startseite/verein/2553
26459,nk-veres-rivne,NK Veres Rivne,UKR1,,24,27.1,2,8.3,0,Stadion Avangard (2022),10000,+-0,null,2023,https://www.transfermarkt.co.uk/nk-veres-rivne/startseite/verein/26459
2671,pas-giannina,PAS Giannina,GR1,,31,25.0,14,45.2,0,Stadio Zosimades,7652,+-0,null,2023,https://www.transfermarkt.co.uk/pas-giannina/startseite/verein/2671
2919,ac-monza,AC Monza,IT1,,31,25.8,10,32.3,2,U-Power Stadium - Brianteo,15039,€-41.00m,null,2023,https://www.transfermarkt.co.uk/ac-monza/startseite/verein/2919
3205,kayserispor,Kayserispor,TR1,,26,23.8,11,42.3,3,RHG Enertürk Enerji Stadyumu,32864,+-0,null,2023,https://www.transfermarkt.co.uk/kayserispor/startseite/verein/3205
383,psv-eindhoven,PSV Eindhoven,NL1,,24,25.5,13,54.2,7,Philips Stadion,35000,€-9.63m,null,2023,https://www.transfermarkt.co.uk/psv-eindhoven/startseite/verein/383
3948,royale-union-saint-gilloise,Royale Union Saint Gilloise,BE1,,24,25.1,16,66.7,4,Stade Joseph Mariën,8000,+€27.05m,null,2023,https://www.transfermarkt.co.uk/royale-union-saint-gilloise/startseite/verein/3948
41274,beerschot-v-a-,Beerschot V.A.,BE1,,26,23.9,12,46.2,2,Olympisch Stadion,12771,+€395k,null,2021,https://www.transfermarkt.co.uk/beerschot-v-a-/startseite/verein/41274
475,vv-st-truiden,Sint-Truidense VV,BE1,,25,24.1,11,44.0,3,Daio Wasabi Stayen Stadium,14600,€-60k,null,2023,https://www.transfermarkt.co.uk/vv-st-truiden/startseite/verein/475
48726,rukh-lviv,Rukh Lviv,UKR1,,28,23.0,6,21.4,0,Arena Lviv,34512,+-0,null,2023,https://www.transfermarkt.co.uk/rukh-lviv/startseite/verein/48726
498,ksc-lokeren,KSC Lokeren (- 2020),BE1,,0,,0,,0,Daknamstadion,12000,+-0,null,2018,https://www.transfermarkt.co.uk/ksc-lokeren/startseite/verein/498
5358,sd-huesca,SD Huesca,ES1,,24,27.5,8,33.3,2,El Alcoraz,9128,+€1.43m,null,2020,https://www.transfermarkt.co.uk/sd-huesca/startseite/verein/5358
553,ionikos-nikeas,Ionikos Nikeas,GR1,,17,28.4,11,64.7,0,Dimotiko Gipedo Neapolis,5500,+-0,null,2022,https://www.transfermarkt.co.uk/ionikos-nikeas/startseite/verein/553
60,sc-freiburg,SC Freiburg,L1,,25,25.8,9,36.0,9,Europa-Park Stadion,34700,+€34.30m,null,2023,https://www.transfermarkt.co.uk/sc-freiburg/startseite/verein/60
603,cardiff-city,Cardiff City,GB1,,28,25.5,24,85.7,8,Cardiff City Stadium,33280,€-655k,null,2018,https://www.transfermarkt.co.uk/cardiff-city/startseite/verein/603
607,venezia-fc,Venezia FC,IT1,,27,25.6,17,63.0,5,Pier Luigi Penzo,11150,+€4.83m,null,2021,https://www.transfermarkt.co.uk/venezia-fc/startseite/verein/607
6574,us-sassuolo,US Sassuolo,IT1,,31,25.0,19,61.3,8,Mapei Stadium - Città del Tricolore,21584,+€42.42m,null,2023,https://www.transfermarkt.co.uk/us-sassuolo/startseite/verein/6574
6646,fatih-karagumruk,Fatih Karagümrük,TR1,,25,24.4,11,44.0,3,Atatürk Olimpiyat,74753,+-0,null,2023,https://www.transfermarkt.co.uk/fatih-karagumruk/startseite/verein/6646
667,rc-strassburg-alsace,RC Strasbourg Alsace,FR1,,26,24.4,13,50.0,7,Stade de la Meinau,29000,€-33.00m,null,2023,https://www.transfermarkt.co.uk/rc-strassburg-alsace/startseite/verein/667
855,ea-guingamp,EA Guingamp,FR1,,27,25.4,7,25.9,1,Stade du Roudourou,18120,+€3.70m,null,2018,https://www.transfermarkt.co.uk/ea-guingamp/startseite/verein/855
8838,zirka-kropyvnytskyi,Zirka Kropyvnytskyi,UKR1,,7,27.4,0,,0,Zirka,14628,+-0,null,2017,https://www.transfermarkt.co.uk/zirka-kropyvnytskyi/startseite/verein/8838
897,deportivo-la-coruna,Deportivo de La Coruña,ES1,,24,27.7,3,12.5,0,Abanca Riazor,32912,€-435k,null,2017,https://www.transfermarkt.co.uk/deportivo-la-coruna/startseite/verein/897
1039,queens-park-rangers,Queens Park Rangers,GB1,,26,25.9,15,57.7,8,Loftus Road Stadium,18360,+€900k,null,2014,https://www.transfermarkt.co.uk/queens-park-rangers/startseite/verein/1039
1084,fc-malaga,Málaga CF,ES1,,27,27.9,8,29.6,0,La Rosaleda,30044,+€950k,null,2017,https://www.transfermarkt.co.uk/fc-malaga/startseite/verein/1084
1162,sm-caen,SM Caen,FR1,,27,25.7,12,44.4,4,Stade Michel-d'Ornano,20500,+€3.05m,null,2018,https://www.transfermarkt.co.uk/sm-caen/startseite/verein/1162
12438,volga-nizhniy-novgorod,Volga Nizhniy Novgorod (- 2016),RU1,,0,,0,,0,Zentralstadion Lokomotiv,17856,+-0,null,2013,https://www.transfermarkt.co.uk/volga-nizhniy-novgorod/startseite/verein/12438
1506,kardemir-karabukspor,Kardemir Karabükspor,TR1,,0,,0,,0,Dr. Necmettin Şeyhoğlu,12400,+-0,null,2017,https://www.transfermarkt.co.uk/kardemir-karabukspor/startseite/verein/1506
157,kaa-gent,KAA Gent,BE1,,26,25.1,11,42.3,3,Ghelamco Arena,19999,+€6.57m,null,2023,https://www.transfermarkt.co.uk/kaa-gent/startseite/verein/157
16239,desna-chernigiv,Desna Chernigiv,UKR1,,0,,0,,0,Stadion im. Yuriya Gagarina,12060,+-0,null,2021,https://www.transfermarkt.co.uk/desna-chernigiv/startseite/verein/16239
200,fc-utrecht,FC Utrecht,NL1,,31,24.8,16,51.6,4,"Stadion ""Galgenwaard""",23750,€-4.35m,null,2023,https://www.transfermarkt.co.uk/fc-utrecht/startseite/verein/200
2293,konyaspor,Konyaspor,TR1,,28,25.3,9,32.1,4,Medaş Konya Büyükşehir Stadyumu,42000,+-0,null,2023,https://www.transfermarkt.co.uk/konyaspor/startseite/verein/2293
2457,belenenses-sad,B SAD,PO1,,25,24.2,13,52.0,4,Estádio Nacional do Jamor,37593,+€1.80m,null,2021,https://www.transfermarkt.co.uk/belenenses-sad/startseite/verein/2457
2503,boavista-porto-fc,Boavista FC,PO1,,31,23.5,14,45.2,4,Estádio do Bessa Sec. XXI,28263,€-2.50m,null,2023,https://www.transfermarkt.co.uk/boavista-porto-fc/startseite/verein/2503
2578,st-johnstone-fc,St. Johnstone FC,SC1,,20,27.0,8,40.0,2,McDiarmid Park,10696,+-0,null,2023,https://www.transfermarkt.co.uk/st-johnstone-fc/startseite/verein/2578
2687,fc-cadiz,Cádiz CF,ES1,,31,28.3,11,35.5,5,Nuevo Mirandilla,21094,+€3.50m,null,2023,https://www.transfermarkt.co.uk/fc-cadiz/startseite/verein/2687
2727,oud-heverlee-leuven,Oud-Heverlee Leuven,BE1,,28,24.6,14,51.9,2,King Power at Den Dreef Stadion,10020,+€2.40m,null,2023,https://www.transfermarkt.co.uk/oud-heverlee-leuven/startseite/verein/2727
2778,fc-nordsjaelland,FC Nordsjaelland,DK1,,31,21.9,15,48.4,5,Right to Dream Park,10300,€-2.95m,null,2023,https://www.transfermarkt.co.uk/fc-nordsjaelland/startseite/verein/2778
3385,panserraikos,Panserraikos,GR1,,40,25.0,14,35.0,3,Dimotiko Gipedo Serron,9500,+-0,null,2023,https://www.transfermarkt.co.uk/panserraikos/startseite/verein/3385
3508,sv-zulte-waregem,SV Zulte Waregem,BE1,,25,25.2,13,52.0,3,Elindus Arena,12250,+€4.00m,null,2022,https://www.transfermarkt.co.uk/sv-zulte-waregem/startseite/verein/3508
3558,gfc-ajaccio,GFC Ajaccio,FR1,,5,26.8,1,20.0,1,Stade Ange-Casanova,4050,+-0,null,2015,https://www.transfermarkt.co.uk/gfc-ajaccio/startseite/verein/3558
3690,ska-khabarovsk,SKA Khabarovsk,RU1,,27,25.7,4,14.8,0,Lenin Stadion,15200,€-93k,null,2017,https://www.transfermarkt.co.uk/ska-khabarovsk/startseite/verein/3690
3714,enisey-krasnoyarsk,Enisey Krasnoyarsk,RU1,,26,25.6,2,7.7,1,Zentralstadion Krasnoyarsk,15000,+€601k,null,2018,https://www.transfermarkt.co.uk/enisey-krasnoyarsk/startseite/verein/3714
39722,buyuksehir-belediye-erzurumspor,Erzurumspor FK,TR1,,28,26.1,7,25.0,1,Erzurum Kazım Karabekir,23700,+€70k,null,2020,https://www.transfermarkt.co.uk/buyuksehir-belediye-erzurumspor/startseite/verein/39722
46,inter-mailand,Inter Milan,IT1,,28,26.0,16,57.1,16,Giuseppe Meazza,75923,+€80.75m,null,2023,https://www.transfermarkt.co.uk/inter-mailand/startseite/verein/46
49702,fk-nizhny-novgorod,FC Pari Nizhniy Novgorod,RU1,,26,25.2,5,19.2,3,Nizhny Novgorod Stadium,44242,+€415k,null,2023,https://www.transfermarkt.co.uk/fk-nizhny-novgorod/startseite/verein/49702
6,adanaspor,Adanaspor,TR1,,10,23.9,4,40.0,0,Yeni Adana Stadyumu,33000,+-0,null,2016,https://www.transfermarkt.co.uk/adanaspor/startseite/verein/6
631,fc-chelsea,Chelsea FC,GB1,,31,23.3,20,64.5,17,Stamford Bridge,40853,+€141.90m,null,2023,https://www.transfermarkt.co.uk/fc-chelsea/startseite/verein/631
683,olympiakos-piraus,Olympiacos Piraeus,GR1,,35,26.5,25,71.4,15,Stadio Georgios Karaiskakis,32115,+€4.50m,null,2023,https://www.transfermarkt.co.uk/olympiakos-piraus/startseite/verein/683
825,eskisehirspor,Eskisehirspor,TR1,,41,23.9,1,2.4,0,Eskişehir Yeni Stadyum,34930,+-0,null,2015,https://www.transfermarkt.co.uk/eskisehirspor/startseite/verein/825
86,sv-werder-bremen,SV Werder Bremen,L1,,27,26.1,11,40.7,7,Wohninvest-Weserstadion,42100,+€3.05m,null,2023,https://www.transfermarkt.co.uk/sv-werder-bremen/startseite/verein/86
865,fc-midtjylland,FC Midtjylland,DK1,,31,24.5,18,58.1,7,MCH Arena,11535,€-7.10m,null,2023,https://www.transfermarkt.co.uk/fc-midtjylland/startseite/verein/865
10690,zorya-lugansk,Zorya Lugansk,UKR1,,26,24.1,1,3.8,2,Valeriy Lobanovsky Stadion,16873,€-600k,null,2023,https://www.transfermarkt.co.uk/zorya-lugansk/startseite/verein/10690
1082,losc-lille,LOSC Lille,FR1,,24,23.8,15,62.5,8,Decathlon Arena-Stade Pierre-Mauroy,50186,€-10.20m,null,2023,https://www.transfermarkt.co.uk/losc-lille/startseite/verein/1082
126,caykur-rizespor,Caykur Rizespor,TR1,,35,25.3,8,22.9,1,Çaykur Didi,15332,+-0,null,2023,https://www.transfermarkt.co.uk/caykur-rizespor/startseite/verein/126
128,ao-xanthi,AO Xanthi,GR1,,0,,0,,0,Xanthi Arena,7361,+-0,null,2019,https://www.transfermarkt.co.uk/ao-xanthi/startseite/verein/128
1387,acn-siena-1904,ACN Siena,IT1,,29,25.0,1,3.4,0,Artemio Franchi,15373,+-0,null,2012,https://www.transfermarkt.co.uk/acn-siena-1904/startseite/verein/1387
16704,fk-krasnodar,FK Krasnodar,RU1,,22,24.1,11,50.0,6,Stadion Krasnodar,35179,+€3.28m,null,2023,https://www.transfermarkt.co.uk/fk-krasnodar/startseite/verein/16704
169,panionios-athen,Panionios Athens,GR1,,34,23.5,4,11.8,0,Stadio Neas Smyrnis,11700,+-0,null,2019,https://www.transfermarkt.co.uk/panionios-athen/startseite/verein/169
180,fc-southampton,Southampton FC,GB1,,29,24.5,20,69.0,13,St Mary's Stadium,32384,+€2.40m,null,2022,https://www.transfermarkt.co.uk/fc-southampton/startseite/verein/180
1894,hvidovre-if,Hvidovre IF,DK1,,26,26.3,3,11.5,0,PRO VENTILATION Arena,12000,+€335k,null,2023,https://www.transfermarkt.co.uk/hvidovre-if/startseite/verein/1894
22110,fc-helsingor,FC Helsingör,DK1,,23,24.6,4,17.4,1,Helsingør Ny Stadion,4000,+€320k,null,2017,https://www.transfermarkt.co.uk/fc-helsingor/startseite/verein/22110
2431,cf-estrela-amadora-sad,CF Estrela Amadora SAD,PO1,,32,25.8,23,71.9,4,Estádio José Gomes,9288,+-0,null,2023,https://www.transfermarkt.co.uk/cf-estrela-amadora-sad/startseite/verein/2431
317,fc-twente-enschede,Twente Enschede FC,NL1,,22,24.0,10,45.5,2,De Grolsch Veste,30205,+€9.10m,null,2023,https://www.transfermarkt.co.uk/fc-twente-enschede/startseite/verein/317
338,dynamo-kiew,Dynamo Kyiv,UKR1,,41,24.2,8,19.5,9,Valeriy Lobanovsky Stadion,16873,+-0,null,2023,https://www.transfermarkt.co.uk/dynamo-kiew/startseite/verein/338
3840,adana-demirspor,Adana Demirspor,TR1,,31,26.4,16,51.6,3,Yeni Adana Stadyumu,33000,€-6.00m,null,2023,https://www.transfermarkt.co.uk/adana-demirspor/startseite/verein/3840
443,vejle-boldklub,Vejle Boldklub,DK1,,31,24.3,20,64.5,4,Vejle Stadion,10418,+-0,null,2023,https://www.transfermarkt.co.uk/vejle-boldklub/startseite/verein/443
4482,volyn-lutsk,Volyn Lutsk,UKR1,,0,,0,,0,Stadion Avangard,12080,+-0,null,2016,https://www.transfermarkt.co.uk/volyn-lutsk/startseite/verein/4482
4603,ae-larisa,AE Larisa,GR1,,28,24.2,6,21.4,0,Stadio Alkazar,13108,+-0,null,2020,https://www.transfermarkt.co.uk/ae-larisa/startseite/verein/4603
589,antalyaspor,Antalyaspor,TR1,,25,26.2,11,44.0,4,Corendon Airlines Park Antalya Stadı,32537,+€175k,null,2023,https://www.transfermarkt.co.uk/antalyaspor/startseite/verein/589
641,fc-middlesbrough,Middlesbrough FC,GB1,,25,26.1,8,32.0,6,Riverside Stadium,33746,+€16.68m,null,2016,https://www.transfermarkt.co.uk/fc-middlesbrough/startseite/verein/641
6890,istanbul-basaksehir-fk,Basaksehir FK,TR1,,29,26.8,15,51.7,9,Başakşehir Fatih Terim,17156,+-0,null,2023,https://www.transfermarkt.co.uk/istanbul-basaksehir-fk/startseite/verein/6890
6912,fc-vizela,FC Vizela,PO1,,26,24.3,17,65.4,3,Estádio do Vizela,6565,+€1.00m,null,2023,https://www.transfermarkt.co.uk/fc-vizela/startseite/verein/6912
703,nottingham-forest,Nottingham Forest,GB1,,38,26.6,26,68.4,19,The City Ground,30445,€-34.50m,null,2023,https://www.transfermarkt.co.uk/nottingham-forest/startseite/verein/703
7775,hatayspor,Hatayspor,TR1,,32,24.2,13,40.6,4,Mersin Stadyumu,25000,€-115k,null,2023,https://www.transfermarkt.co.uk/hatayspor/startseite/verein/7775
868,mke-ankaragucu,MKE Ankaragücü,TR1,,26,26.5,13,50.0,4,Eryaman Stadyumu,20560,€-350k,null,2023,https://www.transfermarkt.co.uk/mke-ankaragucu/startseite/verein/868
9007,arsenal-kiew,Arsenal Kyiv,UKR1,,0,,0,,0,NSK Olimpisky,70050,+-0,null,2018,https://www.transfermarkt.co.uk/arsenal-kiew/startseite/verein/9007
1041,olympique-lyon,Olympique Lyon,FR1,,25,25.2,12,48.0,4,Groupama Stadium,59186,+€19.91m,null,2023,https://www.transfermarkt.co.uk/olympique-lyon/startseite/verein/1041
1269,pec-zwolle,PEC Zwolle,NL1,,26,25.5,11,42.3,0,MAC³PARK stadion,14000,+€4.75m,null,2023,https://www.transfermarkt.co.uk/pec-zwolle/startseite/verein/1269
1304,heracles-almelo,Heracles Almelo,NL1,,28,24.3,15,53.6,1,Erve Asito,12080,+-0,null,2023,https://www.transfermarkt.co.uk/heracles-almelo/startseite/verein/1304
131,fc-barcelona,FC Barcelona,ES1,,27,25.4,14,51.9,20,Spotify Camp Nou,99354,+€23.60m,null,2023,https://www.transfermarkt.co.uk/fc-barcelona/startseite/verein/131
2451,inverness-caledonian-thistle-fc,Inverness Caledonian Thistle FC,SC1,,26,24.5,9,34.6,0,Tulloch Caledonian Stadium,7750,+-0,null,2016,https://www.transfermarkt.co.uk/inverness-caledonian-thistle-fc/startseite/verein/2451
3216,mersin-idmanyurdu,Mersin Talimyurdu SK,TR1,,0,,0,,0,Mersin Stadyumu,25000,+-0,null,2015,https://www.transfermarkt.co.uk/mersin-idmanyurdu/startseite/verein/3216
33,fc-schalke-04,FC Schalke 04,L1,,27,26.4,12,44.4,4,Veltins-Arena,62271,+€10.30m,null,2022,https://www.transfermarkt.co.uk/fc-schalke-04/startseite/verein/33
336,sporting-lissabon,Sporting CP,PO1,,32,24.4,17,53.1,9,Estádio José Alvalade XXI,50095,+€84.00m,null,2023,https://www.transfermarkt.co.uk/sporting-lissabon/startseite/verein/336
4083,fc-crotone,FC Crotone,IT1,,25,27.0,6,24.0,1,Ezio Scida,16640,+€3.90m,null,2020,https://www.transfermarkt.co.uk/fc-crotone/startseite/verein/4083
5817,sonderjyske,SönderjyskE,DK1,,30,24.0,9,30.0,1,Sydbank Park,10000,+€1.80m,null,2021,https://www.transfermarkt.co.uk/sonderjyske/startseite/verein/5817
738,ac-le-havre,Le Havre AC,FR1,,30,24.6,18,60.0,6,Stade Océane,25178,€-1.90m,null,2023,https://www.transfermarkt.co.uk/ac-le-havre/startseite/verein/738
762,newcastle-united,Newcastle United,GB1,,35,27.2,20,57.1,15,St James' Park,52338,€-99.00m,null,2023,https://www.transfermarkt.co.uk/newcastle-united/startseite/verein/762
873,crystal-palace,Crystal Palace,GB1,,25,26.2,12,48.0,8,Selhurst Park,26047,+-0,null,2023,https://www.transfermarkt.co.uk/crystal-palace/startseite/verein/873
989,afc-bournemouth,AFC Bournemouth,GB1,,27,25.9,18,66.7,12,Vitality Stadium,11329,€-69.69m,null,2023,https://www.transfermarkt.co.uk/afc-bournemouth/startseite/verein/989
1005,us-lecce,US Lecce,IT1,,30,23.4,24,80.0,5,Ettore Giardiniero,31559,€-5.45m,null,2023,https://www.transfermarkt.co.uk/us-lecce/startseite/verein/1005
1025,fc-bologna,Bologna FC 1909,IT1,,31,24.4,23,74.2,7,Stadio Renato Dall’Ara,36462,€-15.50m,null,2023,https://www.transfermarkt.co.uk/fc-bologna/startseite/verein/1025
1083,fk-rostov,FK Rostov,RU1,,30,24.6,4,13.3,8,Rostov Arena,45415,+-0,null,2023,https://www.transfermarkt.co.uk/fk-rostov/startseite/verein/1083
11127,ural-ekaterinburg,Ural Yekaterinburg,RU1,,25,27.8,12,48.0,1,Yekaterinburg Arena,23000,€-670k,null,2023,https://www.transfermarkt.co.uk/ural-ekaterinburg/startseite/verein/11127
1123,norwich-city,Norwich City,GB1,,25,26.0,17,68.0,12,Carrow Road,27244,€-10.33m,null,2021,https://www.transfermarkt.co.uk/norwich-city/startseite/verein/1123
1184,krc-genk,KRC Genk,BE1,,29,22.8,20,69.0,11,Cegeka Arena,24956,€-10.50m,null,2023,https://www.transfermarkt.co.uk/krc-genk/startseite/verein/1184
1245,kas-eupen,KAS Eupen,BE1,,25,23.1,16,64.0,3,Kehrweg-Stadion,8331,+€1.30m,null,2023,https://www.transfermarkt.co.uk/kas-eupen/startseite/verein/1245
130,parma-calcio-1913,Parma Calcio 1913,IT1,,30,24.9,23,76.7,6,Ennio Tardini,22352,€-4.37m,null,2020,https://www.transfermarkt.co.uk/parma-calcio-1913/startseite/verein/130
142,real-saragossa,Real Zaragoza,ES1,,27,26.0,9,33.3,3,La Romareda,33608,+€1.50m,null,2012,https://www.transfermarkt.co.uk/real-saragossa/startseite/verein/142
1465,gd-estoril-praia,GD Estoril Praia,PO1,,23,23.5,11,47.8,1,Estádio António Coimbra da Mota,8000,+€7.50m,null,2023,https://www.transfermarkt.co.uk/gd-estoril-praia/startseite/verein/1465
1467,goztepe,Göztepe,TR1,,31,23.3,10,32.3,0,Gürsel Aksel Stadyumu,19713,+€1.60m,null,2021,https://www.transfermarkt.co.uk/goztepe/startseite/verein/1467
172,rsc-charleroi,RSC Charleroi,BE1,,30,23.5,19,61.3,8,Stade du Pays de Charleroi,15000,+€2.05m,null,2023,https://www.transfermarkt.co.uk/rsc-charleroi/startseite/verein/172
18,borussia-monchengladbach,Borussia Mönchengladbach,L1,,33,24.2,17,51.5,8,Stadion im Borussia-Park,54042,€-3.78m,null,2023,https://www.transfermarkt.co.uk/borussia-monchengladbach/startseite/verein/18
18105,pfk-lviv,PFK Lviv,UKR1,,3,18.3,0,,0,Stadion SKIF,3742,+-0,null,2022,https://www.transfermarkt.co.uk/pfk-lviv/startseite/verein/18105
235,rkc-waalwijk,RKC Waalwijk,NL1,,25,25.0,11,44.0,3,Mandemakers Stadion,7508,+-0,null,2023,https://www.transfermarkt.co.uk/rkc-waalwijk/startseite/verein/235
23826,rasenballsport-leipzig,RB Leipzig,L1,,31,24.5,22,71.0,20,Red Bull Arena,47069,+€14.70m,null,2023,https://www.transfermarkt.co.uk/rasenballsport-leipzig/startseite/verein/23826
27,fc-bayern-munchen,Bayern Munich,L1,,30,25.6,18,60.0,22,Allianz Arena,75024,+€15.00m,null,2023,https://www.transfermarkt.co.uk/fc-bayern-munchen/startseite/verein/27
2703,spartak-vladikavkaz,Spartak Vladikavkaz (-2020),RU1,,0,,0,,0,Republican Stadium Spartak,32464,+-0,null,2012,https://www.transfermarkt.co.uk/spartak-vladikavkaz/startseite/verein/2703
273,fc-stade-rennes,Stade Rennais FC,FR1,,29,24.3,10,34.5,8,Roazhon Park,29778,€-8.50m,null,2023,https://www.transfermarkt.co.uk/fc-stade-rennes/startseite/verein/273
289,afc-sunderland,Sunderland AFC,GB1,,26,23.5,12,46.2,6,Stadium of Light,48707,€-6.06m,null,2016,https://www.transfermarkt.co.uk/afc-sunderland/startseite/verein/289
3060,atromitos-athen,Atromitos Athens,GR1,,25,24.4,9,36.0,1,Stadio Peristeriou,9050,+-0,null,2023,https://www.transfermarkt.co.uk/atromitos-athen/startseite/verein/3060
3524,clermont-foot-63,Clermont Foot 63,FR1,,27,25.7,16,59.3,6,Stade Gabriel-Montpied,13000,€-6.60m,null,2023,https://www.transfermarkt.co.uk/clermont-foot-63/startseite/verein/3524
39,1-fsv-mainz-05,1.FSV Mainz 05,L1,,29,25.1,12,40.0,6,Mewa Arena,33305,+€6.05m,null,2023,https://www.transfermarkt.co.uk/1-fsv-mainz-05/startseite/verein/39
416,fc-turin,Torino FC,IT1,,28,24.5,21,75.0,15,Stadio Olimpico Grande Torino,28177,€-23.85m,null,2023,https://www.transfermarkt.co.uk/fc-turin/startseite/verein/416
458,palermo-fc,Palermo FC,IT1,,28,25.6,7,25.0,4,"Comunale Renzo Barbera ""La Favorita""",36365,€-7.94m,null,2016,https://www.transfermarkt.co.uk/palermo-fc/startseite/verein/458
4750,sc-olhanense,SC Olhanense,PO1,,21,23.0,10,47.6,0,Estádio José Arcanjo,10080,+-0,null,2013,https://www.transfermarkt.co.uk/sc-olhanense/startseite/verein/4750
5220,gs-ergotelis,GS Ergotelis,GR1,,3,23.3,0,,0,Pankritio Stadio,25780,+-0,null,2014,https://www.transfermarkt.co.uk/gs-ergotelis/startseite/verein/5220
5572,niki-volou,Niki Volou,GR1,,26,27.2,7,26.9,2,Panthessaliko Stadio,22700,+-0,null,2014,https://www.transfermarkt.co.uk/niki-volou/startseite/verein/5572
678,aarhus-gf,Aarhus GF,DK1,,30,23.9,12,40.0,3,Ceres Park,19433,+€6.33m,null,2023,https://www.transfermarkt.co.uk/aarhus-gf/startseite/verein/678
80,vfl-bochum,VfL Bochum,L1,,30,26.8,14,46.7,3,Vonovia Ruhrstadion,26000,€-1.10m,null,2023,https://www.transfermarkt.co.uk/vfl-bochum/startseite/verein/80
969,montpellier-hsc,Montpellier HSC,FR1,,25,25.1,11,44.0,5,Stade de la Mosson,32939,€-1.05m,null,2023,https://www.transfermarkt.co.uk/montpellier-hsc/startseite/verein/969
1050,fc-villarreal,Villarreal CF,ES1,,24,28.4,8,33.3,6,La Cerámica,23500,+€88.20m,null,2023,https://www.transfermarkt.co.uk/fc-villarreal/startseite/verein/1050
1096,royal-antwerpen-fc,Royal Antwerp FC,BE1,,28,24.8,15,53.6,4,De Bosuil,16144,+€1.85m,null,2023,https://www.transfermarkt.co.uk/royal-antwerpen-fc/startseite/verein/1096
1110,huddersfield-town,Huddersfield Town,GB1,,33,26.7,12,36.4,3,John Smith's Stadium,24500,+€11.28m,null,2018,https://www.transfermarkt.co.uk/huddersfield-town/startseite/verein/1110
1160,nimes-olympique,Nîmes Olympique,FR1,,26,25.4,12,46.2,3,Stade des Antonins,8033,+€2.50m,null,2020,https://www.transfermarkt.co.uk/nimes-olympique/startseite/verein/1160
1186,torpedo-moskau,Torpedo Moscow,RU1,,28,25.6,6,23.1,3,Luzhniki Stadium,81000,€-2.05m,null,2022,https://www.transfermarkt.co.uk/torpedo-moskau/startseite/verein/1186
12,as-rom,AS Roma,IT1,,28,26.5,20,71.4,19,Olimpico di Roma,73261,+€31.70m,null,2023,https://www.transfermarkt.co.uk/as-rom/startseite/verein/12
124,glasgow-rangers,Rangers FC,SC1,,33,26.3,23,69.7,10,Ibrox Stadium,50987,€-5.60m,null,2023,https://www.transfermarkt.co.uk/glasgow-rangers/startseite/verein/124
14171,thonon-evian-grand-geneve-fc,Thonon Évian Grand Genève FC,FR1,,27,27.4,6,22.2,1,Stade Camille Fournier,2500,+-0,null,2014,https://www.transfermarkt.co.uk/thonon-evian-grand-geneve-fc/startseite/verein/14171
1421,stade-reims,Stade Reims,FR1,,34,24.1,24,70.6,10,Stade Auguste-Delaune,21684,+€10.55m,null,2023,https://www.transfermarkt.co.uk/stade-reims/startseite/verein/1421
1426,vvv-venlo,VVV-Venlo,NL1,,28,22.9,7,25.0,0,Covebo Stadion - De Koel,8000,+-0,null,2020,https://www.transfermarkt.co.uk/vvv-venlo/startseite/verein/1426
1429,cesena-fc,Cesena FC,IT1,,28,26.0,4,14.3,0,Orogel Stadium - Dino Manuzzi,23860,+€335k,null,2014,https://www.transfermarkt.co.uk/cesena-fc/startseite/verein/1429
1436,sc-beira-mar,SC Beira-Mar,PO1,,27,26.8,6,22.2,1,Estádio Mário Duarte,12000,+-0,null,2012,https://www.transfermarkt.co.uk/sc-beira-mar/startseite/verein/1436
1455,fc-dordrecht,FC Dordrecht,NL1,,29,23.3,12,41.4,1,Matchoholic Stadion,4235,+-0,null,2014,https://www.transfermarkt.co.uk/fc-dordrecht/startseite/verein/1455
16245,fk-sevastopol,FK Sevastopol (- 2014),UKR1,,0,,0,,0,SK Sevastopol,5826,+-0,null,2013,https://www.transfermarkt.co.uk/fk-sevastopol/startseite/verein/16245
19657,vendsyssel-ff,Vendsyssel FF,DK1,,24,25.1,7,29.2,0,Nord Energi Arena,10000,€-20k,null,2018,https://www.transfermarkt.co.uk/vendsyssel-ff/startseite/verein/19657
2036,1-fc-heidenheim-1846,1.FC Heidenheim 1846,L1,,30,25.1,5,16.7,0,Voith-Arena,15000,€-2.30m,null,2023,https://www.transfermarkt.co.uk/1-fc-heidenheim-1846/startseite/verein/2036
2079,veria-nps,Veria NPS,GR1,,29,24.3,4,13.8,0,Dimotiko Stadio Verias,6350,+-0,null,2016,https://www.transfermarkt.co.uk/veria-nps/startseite/verein/2079
23,eintracht-braunschweig,Eintracht Braunschweig,L1,,29,26.0,9,31.0,0,EINTRACHT-Stadion,23325,€-600k,null,2013,https://www.transfermarkt.co.uk/eintracht-braunschweig/startseite/verein/23
234,feyenoord-rotterdam,Feyenoord Rotterdam,NL1,,25,23.2,13,52.0,12,"Stadion Feyenoord ""De Kuip""",47500,+€18.00m,null,2023,https://www.transfermarkt.co.uk/feyenoord-rotterdam/startseite/verein/234
24,eintracht-frankfurt,Eintracht Frankfurt,L1,,40,24.4,24,60.0,13,Deutsche Bank Park,51500,€-34.90m,null,2023,https://www.transfermarkt.co.uk/eintracht-frankfurt/startseite/verein/24
2441,aek-athen,AEK Athens,GR1,,31,26.9,21,67.7,13,OPAP Arena,32500,€-5.85m,null,2023,https://www.transfermarkt.co.uk/aek-athen/startseite/verein/2441
2698,rubin-kazan,Rubin Kazan,RU1,,32,26.0,10,31.3,3,Ak Bars Arena,45379,€-2.81m,null,2023,https://www.transfermarkt.co.uk/rubin-kazan/startseite/verein/2698
2700,anzhi-makhachkala,Anzhi Makhachkala ( -2022),RU1,,0,,0,,0,RDYuSSh MinObrNauki RD Politekh Makhachkala,1600,+-0,null,2018,https://www.transfermarkt.co.uk/anzhi-makhachkala/startseite/verein/2700
2722,spal,SPAL,IT1,,32,26.0,8,25.0,2,Paolo Mazza,16134,+€2.75m,null,2019,https://www.transfermarkt.co.uk/spal/startseite/verein/2722
28643,waasland-beveren,SK Beveren,BE1,,27,26.8,16,59.3,3,Freethielstadion,13290,€-350k,null,2020,https://www.transfermarkt.co.uk/waasland-beveren/startseite/verein/28643
3336,desportivo-aves,Desportivo Aves (- 2020),PO1,,0,,0,,0,Estádio CD das Aves,5441,+-0,null,2019,https://www.transfermarkt.co.uk/desportivo-aves/startseite/verein/3336
398,lazio-rom,SS Lazio,IT1,,32,26.4,18,56.3,7,Olimpico di Roma,73261,+€22.04m,null,2023,https://www.transfermarkt.co.uk/lazio-rom/startseite/verein/398
441,apollon-smyrnis,Apollon Smyrnis,GR1,,27,27.3,15,55.6,0,Stadio Neas Smyrnis,11700,+-0,null,2021,https://www.transfermarkt.co.uk/apollon-smyrnis/startseite/verein/441
543,wolverhampton-wanderers,Wolverhampton Wanderers,GB1,,30,25.7,25,83.3,16,Molineux Stadium,32050,+€31.05m,null,2023,https://www.transfermarkt.co.uk/wolverhampton-wanderers/startseite/verein/543
55686,metalist-1925-kharkiv,Metalist 1925 Kharkiv,UKR1,,29,25.4,3,10.3,0,Livyi Bereg Arena,0,€-100k,null,2023,https://www.transfermarkt.co.uk/metalist-1925-kharkiv/startseite/verein/55686
58,rsc-anderlecht,RSC Anderlecht,BE1,,26,23.6,11,42.3,10,Lotto Park,21500,+€16.40m,null,2023,https://www.transfermarkt.co.uk/rsc-anderlecht/startseite/verein/58
60551,sk-dnipro-1,SK Dnipro-1,UKR1,,30,27.2,7,23.3,7,Avangard,10640,€-1.83m,null,2023,https://www.transfermarkt.co.uk/sk-dnipro-1/startseite/verein/60551
7179,cd-tondela,CD Tondela,PO1,,26,22.8,12,46.2,2,Estádio João Cardoso,5000,+€50k,null,2021,https://www.transfermarkt.co.uk/cd-tondela/startseite/verein/7179
7378,portimonense-sc,Portimonense SC,PO1,,22,24.6,14,63.6,1,Portimonense Estádio,6000,+€2.65m,null,2023,https://www.transfermarkt.co.uk/portimonense-sc/startseite/verein/7378
1031,luton-town,Luton Town,GB1,,29,26.1,15,51.7,5,Kenilworth Road,10226,€-8.20m,null,2023,https://www.transfermarkt.co.uk/luton-town/startseite/verein/1031
10484,kasimpasa,Kasimpasa,TR1,,27,23.3,8,29.6,1,Recep Tayyip Erdoğan Stadyumu,13856,+-0,null,2023,https://www.transfermarkt.co.uk/kasimpasa/startseite/verein/10484
1148,fc-brentford,Brentford FC,GB1,,29,25.3,21,72.4,16,Brentford Community Stadium,17250,€-58.35m,null,2023,https://www.transfermarkt.co.uk/fc-brentford/startseite/verein/1148
1158,fc-lorient,FC Lorient,FR1,,33,24.3,17,51.5,9,Stade du Moustoir,19010,+€42.00m,null,2023,https://www.transfermarkt.co.uk/fc-lorient/startseite/verein/1158
1159,as-nancy-lorraine,AS Nancy-Lorraine,FR1,,27,25.7,5,18.5,0,Stade Marcel-Picot,20087,+-0,null,2016,https://www.transfermarkt.co.uk/as-nancy-lorraine/startseite/verein/1159
1237,brighton-amp-hove-albion,Brighton & Hove Albion,GB1,,36,24.6,28,77.8,18,AMEX Stadium,31800,€-13.30m,null,2023,https://www.transfermarkt.co.uk/brighton-amp-hove-albion/startseite/verein/1237
132,nac-breda,NAC Breda,NL1,,32,23.7,10,31.3,2,Rat Verlegh Stadion,19000,+€115k,null,2018,https://www.transfermarkt.co.uk/nac-breda/startseite/verein/132
148,tottenham-hotspur,Tottenham Hotspur,GB1,,32,26.0,22,68.8,21,Tottenham Hotspur Stadium,62062,€-124.70m,null,2023,https://www.transfermarkt.co.uk/tottenham-hotspur/startseite/verein/148
16247,pfk-stal-kamyanske,PFK Stal Kamyanske (-2018),UKR1,,0,,0,,0,Obolon,5100,+-0,null,2017,https://www.transfermarkt.co.uk/pfk-stal-kamyanske/startseite/verein/16247
23611,olimpik-donetsk,Olimpik Donetsk,UKR1,,0,,0,,0,NTK im. B. M. Bannikova,1678,+-0,null,2020,https://www.transfermarkt.co.uk/olimpik-donetsk/startseite/verein/23611
252,genua-cfc,Genoa CFC,IT1,,31,26.6,18,58.1,4,Luigi Ferraris,34901,€-11.70m,null,2023,https://www.transfermarkt.co.uk/genua-cfc/startseite/verein/252
2783,metalurg-donetsk,Metalurg Donetsk (- 2015),UKR1,,0,,0,,0,Metalurg,5090,+-0,null,2014,https://www.transfermarkt.co.uk/metalurg-donetsk/startseite/verein/2783
28956,ael-kalloni,AEL Kalloni,GR1,,0,,0,,0,Stadio Mytilinis,4000,+-0,null,2015,https://www.transfermarkt.co.uk/ael-kalloni/startseite/verein/28956
3,1-fc-koln,1.FC Köln,L1,,33,23.8,12,36.4,6,RheinEnergieSTADION,50000,+€200k,null,2023,https://www.transfermarkt.co.uk/1-fc-koln/startseite/verein/3
31,fc-liverpool,Liverpool FC,GB1,,24,26.7,18,75.0,16,Anfield,54074,€-112.00m,null,2023,https://www.transfermarkt.co.uk/fc-liverpool/startseite/verein/31
36,fenerbahce-istanbul,Fenerbahce,TR1,,37,26.0,18,48.6,14,Ülker Stadyumu FB Şükrü Saraçoğlu Spor Kompleksi,47834,+€20.75m,null,2023,https://www.transfermarkt.co.uk/fenerbahce-istanbul/startseite/verein/36
379,west-ham-united,West Ham United,GB1,,23,27.8,17,73.9,13,London Stadium,62500,+€118.60m,null,2023,https://www.transfermarkt.co.uk/west-ham-united/startseite/verein/379
385,fortuna-sittard,Fortuna Sittard,NL1,,22,25.2,17,77.3,2,Fortuna Sittard Stadion,12500,+-0,null,2023,https://www.transfermarkt.co.uk/fortuna-sittard/startseite/verein/385
3911,stade-brest-29,Stade Brestois 29,FR1,,22,25.6,7,31.8,4,Stade Francis-Le Blé,15097,+€5.00m,null,2023,https://www.transfermarkt.co.uk/stade-brest-29/startseite/verein/3911
405,aston-villa,Aston Villa,GB1,,29,26.2,19,65.5,13,Villa Park,42682,€-88.00m,null,2023,https://www.transfermarkt.co.uk/aston-villa/startseite/verein/405
417,ogc-nizza,OGC Nice,FR1,,26,24.0,14,53.8,11,Allianz Riviera,36178,€-12.50m,null,2023,https://www.transfermarkt.co.uk/ogc-nizza/startseite/verein/417
4171,benevento-calcio,Benevento Calcio,IT1,,31,26.7,16,51.6,2,Ciro Vigorito,16867,€-1.93m,null,2020,https://www.transfermarkt.co.uk/benevento-calcio/startseite/verein/4171
418,real-madrid,Real Madrid,ES1,,24,26.6,16,66.7,19,Santiago Bernabéu,81044,€-128.50m,null,2023,https://www.transfermarkt.co.uk/real-madrid/startseite/verein/418
467,nec-nijmegen,NEC Nijmegen,NL1,,21,24.1,7,33.3,1,Goffertstadion,12500,+€2.68m,null,2023,https://www.transfermarkt.co.uk/nec-nijmegen/startseite/verein/467
47,iraklis-thessaloniki,Iraklis Thessaloniki,GR1,,27,24.3,9,33.3,0,Kaftanzoglio Stadio,27770,+-0,null,2016,https://www.transfermarkt.co.uk/iraklis-thessaloniki/startseite/verein/47
6195,ssc-neapel,SSC Napoli,IT1,,30,25.3,17,56.7,17,Stadio Diego Armando Maradona,54726,+€17.50m,null,2023,https://www.transfermarkt.co.uk/ssc-neapel/startseite/verein/6195
720,fc-porto,FC Porto,PO1,,29,26.4,15,51.7,8,Estádio do Dragão,50033,+€500k,null,2023,https://www.transfermarkt.co.uk/fc-porto/startseite/verein/720
833,denizlispor,Denizlispor,TR1,,27,25.8,3,11.1,1,Denizli Atatürk Stadı,18745,+-0,null,2020,https://www.transfermarkt.co.uk/denizlispor/startseite/verein/833
862,chievo-verona,Chievo Verona,IT1,,0,,0,,0,Marcantonio Bentegodi,31045,+-0,null,2018,https://www.transfermarkt.co.uk/chievo-verona/startseite/verein/862
931,fc-fulham,Fulham FC,GB1,,23,28.0,21,91.3,11,Craven Cottage,22384,+-0,null,2023,https://www.transfermarkt.co.uk/fc-fulham/startseite/verein/931
968,kvc-westerlo,KVC Westerlo,BE1,,29,24.3,17,58.6,3,Het Kuipje,8035,€-6.80m,null,2023,https://www.transfermarkt.co.uk/kvc-westerlo/startseite/verein/968
982,cd-nacional,CD Nacional,PO1,,27,25.0,12,44.4,2,Estádio da Madeira,5586,+-0,null,2020,https://www.transfermarkt.co.uk/cd-nacional/startseite/verein/982
1032,fc-reading,Reading FC,GB1,,27,27.1,17,63.0,7,Select Car Leasing Stadium,24161,+-0,null,2012,https://www.transfermarkt.co.uk/fc-reading/startseite/verein/1032
1085,vitoria-setubal-fc,Vitória Setúbal FC,PO1,,29,26.0,10,34.5,0,Estádio do Bonfim,18642,+-0,null,2019,https://www.transfermarkt.co.uk/vitoria-setubal-fc/startseite/verein/1085
1090,az-alkmaar,AZ Alkmaar,NL1,,31,23.0,12,37.5,6,AFAS Stadion,19478,+€36.17m,null,2023,https://www.transfermarkt.co.uk/az-alkmaar/startseite/verein/1090
1124,fakel-voronezh,Fakel Voronezh,RU1,,23,28.1,2,8.7,1,Central Stadium of Profsoyuzes,21793,€-30k,null,2023,https://www.transfermarkt.co.uk/fakel-voronezh/startseite/verein/1124
141,galatasaray-istanbul,Galatasaray,TR1,,31,25.0,14,45.2,15,Ali Sami Yen Spor Kompleksi RAMS Stadyumu,52223,+€500k,null,2023,https://www.transfermarkt.co.uk/galatasaray-istanbul/startseite/verein/141
1423,fc-valenciennes,Valenciennes FC,FR1,,28,25.0,8,28.6,4,Stade du Hainaut,25000,€-500k,null,2013,https://www.transfermarkt.co.uk/fc-valenciennes/startseite/verein/1423
162,as-monaco,AS Monaco,FR1,,28,23.8,28,100.0,10,Stade Louis-II,18523,€-4.00m,null,2023,https://www.transfermarkt.co.uk/as-monaco/startseite/verein/162
20,bursaspor,Bursaspor,TR1,,26,21.4,0,,0,Bursa Büyükşehir Belediye Stadyumu,43361,+-0,null,2018,https://www.transfermarkt.co.uk/bursaspor/startseite/verein/20
2227,sk-tavriya-simferopol,SK Tavriya Simferopol ( - 2022),UKR1,,0,,0,,0,RS Lokomotiv,19978,+-0,null,2013,https://www.transfermarkt.co.uk/sk-tavriya-simferopol/startseite/verein/2227
2282,fc-brugge,Club Brugge KV,BE1,,33,24.0,21,63.6,12,Jan-Breydel-Stadion,29062,+€17.35m,null,2023,https://www.transfermarkt.co.uk/fc-brugge/startseite/verein/2282
2381,sivasspor,Sivasspor,TR1,,26,27.1,8,30.8,1,Yeni 4 Eylül Stadı,27532,+€400k,null,2023,https://www.transfermarkt.co.uk/sivasspor/startseite/verein/2381
2414,ac-horsens,AC Horsens,DK1,,19,25.1,9,47.4,4,Nordstern Arena Horsens,10400,+-0,null,2022,https://www.transfermarkt.co.uk/ac-horsens/startseite/verein/2414
2424,gil-vicente-fc,Gil Vicente FC,PO1,,24,24.3,16,66.7,3,Estádio Cidade de Barcelos,12046,+€7.90m,null,2023,https://www.transfermarkt.co.uk/gil-vicente-fc/startseite/verein/2424
2439,kuban-krasnodar,Kuban Krasnodar (-2018),RU1,,0,,0,,0,Kuban Stadium,31654,+-0,null,2015,https://www.transfermarkt.co.uk/kuban-krasnodar/startseite/verein/2439
2715,rfc-seraing,RFC Seraing,BE1,,22,23.5,13,59.1,2,Stade du Paray,6744,+€400k,null,2022,https://www.transfermarkt.co.uk/rfc-seraing/startseite/verein/2715
28095,fk-ufa,FK Ufa,RU1,,26,24.4,3,11.5,0,Neftyanik,15132,+€4.84m,null,2021,https://www.transfermarkt.co.uk/fk-ufa/startseite/verein/28095
2861,kv-oostende,KV Oostende,BE1,,26,23.3,14,50.0,2,Diaz Arena,8432,+-0,null,2022,https://www.transfermarkt.co.uk/kv-oostende/startseite/verein/2861
3008,hull-city,Hull City,GB1,,28,25.0,17,60.7,6,MKM Stadium,25586,+€7.50m,null,2016,https://www.transfermarkt.co.uk/hull-city/startseite/verein/3008
3329,fc-famalicao,FC Famalicão,PO1,,28,23.2,17,60.7,4,Estádio Municipal de Famalicão,5305,+€1.70m,null,2023,https://www.transfermarkt.co.uk/fc-famalicao/startseite/verein/3329
347,fc-metz,FC Metz,FR1,,26,24.5,18,69.2,5,Stade Saint-Symphorien,28786,+€11.10m,null,2023,https://www.transfermarkt.co.uk/fc-metz/startseite/verein/347
350,sheffield-united,Sheffield United,GB1,,24,25.8,17,70.8,9,Bramall Lane,32702,€-7.30m,null,2023,https://www.transfermarkt.co.uk/sheffield-united/startseite/verein/350
371,celtic-glasgow,Celtic FC,SC1,,31,25.4,24,77.4,17,Celtic Park,60832,+€20.07m,null,2023,https://www.transfermarkt.co.uk/celtic-glasgow/startseite/verein/371
40426,fk-tosno,FC Tosno (-2018),RU1,,0,,0,,0,Petrovsky,20985,+-0,null,2017,https://www.transfermarkt.co.uk/fk-tosno/startseite/verein/40426
41231,fk-sochi,FC Sochi,RU1,,26,26.3,10,38.5,2,Fisht Olympic Stadium,45994,+€3.05m,null,2023,https://www.transfermarkt.co.uk/fk-sochi/startseite/verein/41231
53646,fk-polissya-zhytomyr,FK Polissya Zhytomyr,UKR1,,28,25.9,4,14.3,1,Stadion Polissya,6000,€-550k,null,2023,https://www.transfermarkt.co.uk/fk-polissya-zhytomyr/startseite/verein/53646
566,beerschot-ac,Beerschot AC,BE1,,0,,0,,0,Olympisch Stadion,12771,+-0,null,2012,https://www.transfermarkt.co.uk/beerschot-ac/startseite/verein/566
653,ofi-kreta,OFI Crete FC,GR1,,30,27.1,17,56.7,4,Gipedo Theodoros Vardinogiannis,9088,+-0,null,2023,https://www.transfermarkt.co.uk/ofi-kreta/startseite/verein/653
8024,fc-arouca,FC Arouca,PO1,,27,25.5,21,77.8,1,Estádio Municipal de Arouca,5600,€-60k,null,2023,https://www.transfermarkt.co.uk/fc-arouca/startseite/verein/8024
993,fc-cordoba,Córdoba CF,ES1,,24,27.9,4,16.7,0,Nuevo Arcángel,21822,+-0,null,2014,https://www.transfermarkt.co.uk/fc-cordoba/startseite/verein/993
1049,fc-valencia,Valencia CF,ES1,,25,24.6,13,52.0,9,Mestalla,49430,€-9.60m,null,2023,https://www.transfermarkt.co.uk/fc-valencia/startseite/verein/1049
1177,silkeborg-if,Silkeborg IF,DK1,,24,23.3,4,16.7,2,JYSK Park,10000,+€746k,null,2023,https://www.transfermarkt.co.uk/silkeborg-if/startseite/verein/1177
1210,as-livorno,US Livorno 1915,IT1,,28,23.8,3,10.7,0,Armando Picchi,19238,+-0,null,2013,https://www.transfermarkt.co.uk/as-livorno/startseite/verein/1210
1283,fc-emmen,FC Emmen,NL1,,17,25.6,6,35.3,0,De Oude Meerdijk,8309,+-0,null,2022,https://www.transfermarkt.co.uk/fc-emmen/startseite/verein/1283
19771,akhisarspor,Akhisarspor,TR1,,14,21.0,0,,0,Spor Toto Akhisar Stadyumu,12139,+€5k,null,2018,https://www.transfermarkt.co.uk/akhisarspor/startseite/verein/19771
204,lierse-sk,Lierse SK (- 2018),BE1,,0,,0,,0,Herman Vanderpoortenstadion,14538,+-0,null,2014,https://www.transfermarkt.co.uk/lierse-sk/startseite/verein/204
2375,altay-sk,Altay SK,TR1,,31,25.3,3,9.7,0,Alsancak Mustafa Denizli Stadı,15000,+€1.42m,null,2021,https://www.transfermarkt.co.uk/altay-sk/startseite/verein/2375
2425,rio-ave-fc,Rio Ave FC,PO1,,26,27.2,12,46.2,0,Estádio dos Arcos,5300,+-0,null,2023,https://www.transfermarkt.co.uk/rio-ave-fc/startseite/verein/2425
2759,ross-county-fc,Ross County FC,SC1,,29,24.8,14,48.3,1,Global Energy Stadium,6541,+-0,null,2023,https://www.transfermarkt.co.uk/ross-county-fc/startseite/verein/2759
3719,fk-khimki,FK Khimki,RU1,,26,24.7,7,26.9,1,Arena Khimki,18636,€-595k,null,2022,https://www.transfermarkt.co.uk/fk-khimki/startseite/verein/3719
39097,fk-obolon-kiew,FK Obolon Kyiv,UKR1,,23,26.7,1,4.3,0,Obolon-Arena,5100,+-0,null,2023,https://www.transfermarkt.co.uk/fk-obolon-kiew/startseite/verein/39097
48332,kolos-kovalivka,Kolos Kovalivka,UKR1,,23,26.0,2,8.7,1,Kolos,5050,+€300k,null,2023,https://www.transfermarkt.co.uk/kolos-kovalivka/startseite/verein/48332
49364,ingulets-petrove,Ingulets Petrove,UKR1,,23,25.7,2,8.3,0,Stadion Ingulets,1720,+€100k,null,2022,https://www.transfermarkt.co.uk/ingulets-petrove/startseite/verein/49364
511,dundee-fc,Dundee FC,SC1,,24,24.2,9,37.5,1,Kilmac Stadium at Dens Park,11850,+-0,null,2023,https://www.transfermarkt.co.uk/dundee-fc/startseite/verein/511
520,cercle-brugge,Cercle Brugge,BE1,,24,23.5,14,58.3,3,Jan-Breydel-Stadion,29062,€-1.00m,null,2023,https://www.transfermarkt.co.uk/cercle-brugge/startseite/verein/520
610,ajax-amsterdam,Ajax Amsterdam,NL1,,23,23.5,9,39.1,14,Johan Cruijff ArenA,55600,+€33.40m,null,2023,https://www.transfermarkt.co.uk/ajax-amsterdam/startseite/verein/610
68608,cf-os-belenenses,CF Os Belenenses,PO1,,30,25.7,5,16.7,0,Estádio do Restelo,19980,+-0,null,2017,https://www.transfermarkt.co.uk/cf-os-belenenses/startseite/verein/68608
6993,fk-mariupol,FK Mariupol,UKR1,,0,,0,,0,Stadion im. Volodymyra Boyko,12680,+€100k,null,2021,https://www.transfermarkt.co.uk/fk-mariupol/startseite/verein/6993
6996,goverla-uzhgorod,Goverla Uzhgorod (- 2016),UKR1,,0,,0,,0,Avangard,10640,+-0,null,2015,https://www.transfermarkt.co.uk/goverla-uzhgorod/startseite/verein/6996
826,rc-lens,RC Lens,FR1,,29,25.0,16,55.2,11,Stade Bollaert-Delelis,38223,+€41.64m,null,2023,https://www.transfermarkt.co.uk/rc-lens/startseite/verein/826
985,manchester-united,Manchester United,GB1,,34,25.4,21,61.8,21,Old Trafford,74879,€-91.20m,null,2023,https://www.transfermarkt.co.uk/manchester-united/startseite/verein/985
10,arminia-bielefeld,Arminia Bielefeld,L1,,27,25.3,15,55.6,4,SchücoArena,26515,+€5.90m,null,2021,https://www.transfermarkt.co.uk/arminia-bielefeld/startseite/verein/10
1091,paok-thessaloniki,PAOK Thessaloniki,GR1,,31,26.1,21,67.7,7,Toumba Stadium,28703,+€3.00m,null,2023,https://www.transfermarkt.co.uk/paok-thessaloniki/startseite/verein/1091
11126,mordovia-saransk,Mordovia Saransk (-2020),RU1,,0,,0,,0,Mordovia Arena,44442,+-0,null,2015,https://www.transfermarkt.co.uk/mordovia-saransk/startseite/verein/11126
11688,giresunspor,Giresunspor,TR1,,17,22.5,1,5.9,1,Çotanak Spor Kompleksi,21500,+-0,null,2022,https://www.transfermarkt.co.uk/giresunspor/startseite/verein/11688
13,atletico-madrid,Atlético de Madrid,ES1,,30,27.4,17,56.7,17,Civitas Metropolitano,67829,+€43.30m,null,2023,https://www.transfermarkt.co.uk/atletico-madrid/startseite/verein/13
1435,go-ahead-eagles-deventer,Go Ahead Eagles,NL1,,27,24.0,11,40.7,2,De Adelaarshorst,9909,€-900k,null,2023,https://www.transfermarkt.co.uk/go-ahead-eagles-deventer/startseite/verein/1435
14589,fk-orenburg,FK Orenburg,RU1,,26,25.3,13,50.0,3,Gazovik,10046,€-3.10m,null,2023,https://www.transfermarkt.co.uk/fk-orenburg/startseite/verein/14589
16,borussia-dortmund,Borussia Dortmund,L1,,30,24.7,15,50.0,18,SIGNAL IDUNA PARK,81365,+€59.35m,null,2023,https://www.transfermarkt.co.uk/borussia-dortmund/startseite/verein/16
206,brondby-if,Bröndby IF,DK1,,30,24.3,13,43.3,4,Brøndby Stadion,28000,+€6.70m,null,2023,https://www.transfermarkt.co.uk/brondby-if/startseite/verein/206
232,spartak-moskau,Spartak Moscow,RU1,,30,24.5,9,30.0,12,Otkrytie Bank Arena,44571,€-9.00m,null,2023,https://www.transfermarkt.co.uk/spartak-moskau/startseite/verein/232
2741,baltika-kaliningrad,Baltika Kaliningrad,RU1,,24,26.0,7,29.2,3,Rostech Arena,35000,€-670k,null,2023,https://www.transfermarkt.co.uk/baltika-kaliningrad/startseite/verein/2741
276,hellas-verona,Hellas Verona,IT1,,30,25.7,18,60.0,7,Marcantonio Bentegodi,39211,+€43.46m,null,2023,https://www.transfermarkt.co.uk/hellas-verona/startseite/verein/276
281,manchester-city,Manchester City,GB1,,26,26.9,17,65.4,19,Etihad Stadium,55017,€-24.10m,null,2023,https://www.transfermarkt.co.uk/manchester-city/startseite/verein/281
29228,royal-excel-mouscron,Royal Excel Mouscron (-2022),BE1,,0,,0,,0,Le Canonnier,10830,+€40k,null,2020,https://www.transfermarkt.co.uk/royal-excel-mouscron/startseite/verein/29228
2944,ankaraspor,Ankaraspor,TR1,,30,23.8,1,3.3,0,Osmanlı Stadı,19626,+-0,null,2017,https://www.transfermarkt.co.uk/ankaraspor/startseite/verein/2944
2969,dijon-fco,Dijon FCO,FR1,,29,25.8,14,48.3,4,Stade Gaston-Gérard,16098,+€1.50m,null,2020,https://www.transfermarkt.co.uk/dijon-fco/startseite/verein/2969
2999,hamilton-academical-fc,Hamilton Academical FC,SC1,,28,22.8,9,32.1,0,Fountain of Youth Stadium,6018,+-0,null,2020,https://www.transfermarkt.co.uk/hamilton-academical-fc/startseite/verein/2999
3302,ud-almeria,UD Almería,ES1,,26,25.5,15,57.7,2,Power Horse Stadium,15274,€-11.00m,null,2023,https://www.transfermarkt.co.uk/ud-almeria/startseite/verein/3302
368,fc-sevilla,Sevilla FC,ES1,,34,27.7,22,64.7,11,Ramón Sánchez-Pizjuán,43883,€-12.00m,null,2023,https://www.transfermarkt.co.uk/fc-sevilla/startseite/verein/368
3999,pas-lamia-1964,PAS Lamia 1964,GR1,,33,28.2,17,51.5,4,"Stadio Lamia ""Athanasios Diakos""",5500,+-0,null,2023,https://www.transfermarkt.co.uk/pas-lamia-1964/startseite/verein/3999
4128,amkar-perm,Amkar Perm,RU1,,26,26.0,0,,0,Zvezda,17000,+-0,null,2017,https://www.transfermarkt.co.uk/amkar-perm/startseite/verein/4128
430,ac-florenz,ACF Fiorentina,IT1,,30,25.9,17,56.7,9,Artemio Franchi,43147,+€5.20m,null,2023,https://www.transfermarkt.co.uk/ac-florenz/startseite/verein/430
506,juventus-turin,Juventus FC,IT1,,37,25.6,20,54.1,16,Allianz Stadium,41507,€-39.60m,null,2023,https://www.transfermarkt.co.uk/juventus-turin/startseite/verein/506
5219,aok-kerkyra,AOK Kerkyra,GR1,,8,28.1,1,12.5,0,Ethniko Stadio Kerkyras,3000,+-0,null,2017,https://www.transfermarkt.co.uk/aok-kerkyra/startseite/verein/5219
595,sc-bastia,SC Bastia,FR1,,25,27.6,8,32.0,6,Stade Armand-Cesari,16480,+€480k,null,2016,https://www.transfermarkt.co.uk/sc-bastia/startseite/verein/595
618,as-saint-etienne,AS Saint-Étienne,FR1,,29,25.1,8,27.6,3,Stade Geoffroy-Guichard,42000,+€12.85m,null,2021,https://www.transfermarkt.co.uk/as-saint-etienne/startseite/verein/618
65,spvgg-greuther-furth,SpVgg Greuther Fürth,L1,,28,24.0,11,39.3,2,Sportpark Ronhof | Thomas Sommer,16626,+€3.97m,null,2021,https://www.transfermarkt.co.uk/spvgg-greuther-furth/startseite/verein/65
903,hibernian-fc,Hibernian FC,SC1,,24,26.5,17,70.8,4,Easter Road Stadium,20250,+€1.41m,null,2023,https://www.transfermarkt.co.uk/hibernian-fc/startseite/verein/903
1071,wigan-athletic,Wigan Athletic,GB1,,27,27.9,15,55.6,8,DW Stadium,25133,+-0,null,2012,https://www.transfermarkt.co.uk/wigan-athletic/startseite/verein/1071
1147,ac-ajaccio,AC Ajaccio,FR1,,24,27.5,11,45.8,6,Stade François-Coty,10446,+-0,null,2022,https://www.transfermarkt.co.uk/ac-ajaccio/startseite/verein/1147
1301,cs-maritimo,CS Marítimo,PO1,,29,27.2,19,65.5,2,Estádio do Marítimo,10600,+€200k,null,2022,https://www.transfermarkt.co.uk/cs-maritimo/startseite/verein/1301
133,sc-cambuur-leeuwarden,SC Cambuur Leeuwarden,NL1,,16,23.1,4,25.0,3,Cambuurstadion,10250,+-0,null,2022,https://www.transfermarkt.co.uk/sc-cambuur-leeuwarden/startseite/verein/133
152,samsunspor,Samsunspor,TR1,,24,27.0,10,43.5,2,Samsun Yeni 19 Mayıs Stadyumu,33919,€-200k,null,2023,https://www.transfermarkt.co.uk/samsunspor/startseite/verein/152
1627,catania-calcio,Catania SSD,IT1,,28,25.9,3,10.7,0,Cibali - Angelo Massimino,20204,+-0,null,2013,https://www.transfermarkt.co.uk/catania-calcio/startseite/verein/1627
173,odense-boldklub,Odense Boldklub,DK1,,25,23.5,14,56.0,5,Nature Energy Park,15790,+€8.59m,null,2023,https://www.transfermarkt.co.uk/odense-boldklub/startseite/verein/173
190,fc-kopenhagen,FC Copenhagen,DK1,,27,24.8,16,59.3,8,Parken,38065,+€11.63m,null,2023,https://www.transfermarkt.co.uk/fc-kopenhagen/startseite/verein/190
21957,ao-platanias,AO Platanias,GR1,,0,,0,,0,Dimotiko Gipedo Perivolia,3700,+-0,null,2017,https://www.transfermarkt.co.uk/ao-platanias/startseite/verein/21957
237,rcd-mallorca,RCD Mallorca,ES1,,21,27.4,9,42.9,5,Mallorca Son Moix,20500,+€16.20m,null,2023,https://www.transfermarkt.co.uk/rcd-mallorca/startseite/verein/237
2410,zska-moskau,CSKA Moscow,RU1,,28,24.4,11,39.3,7,VEB Arena,30114,+€3.70m,null,2023,https://www.transfermarkt.co.uk/zska-moskau/startseite/verein/2410
244,olympique-marseille,Olympique Marseille,FR1,,24,25.9,17,70.8,15,Orange Vélodrome,67394,€-33.00m,null,2023,https://www.transfermarkt.co.uk/olympique-marseille/startseite/verein/244
2995,fc-pacos-de-ferreira,FC Paços de Ferreira,PO1,,32,25.5,17,50.0,1,Estádio Capital do Móvel,9076,+-0,null,2022,https://www.transfermarkt.co.uk/fc-pacos-de-ferreira/startseite/verein/2995
3268,casa-pia-ac,Casa Pia AC,PO1,,27,26.7,15,55.6,2,Estádio Nacional do Jamor,37593,+-0,null,2023,https://www.transfermarkt.co.uk/casa-pia-ac/startseite/verein/3268
3368,ud-levante,Levante UD,ES1,,23,27.5,6,26.1,0,Ciutat de València,26354,+€7.80m,null,2021,https://www.transfermarkt.co.uk/ud-levante/startseite/verein/3368
339,dnipro-dnipropetrovsk,Dnipro Dnipropetrovsk (-2020),UKR1,,0,,0,,0,Meteor,24381,+-0,null,2016,https://www.transfermarkt.co.uk/dnipro-dnipropetrovsk/startseite/verein/339
3592,kryvbas-kryvyi-rig,Kryvbas Kryvyi Rig,UKR1,,26,24.7,3,11.5,1,Girnyk,2500,+€500k,null,2023,https://www.transfermarkt.co.uk/kryvbas-kryvyi-rig/startseite/verein/3592
366,real-valladolid,Real Valladolid CF,ES1,,22,27.2,11,50.0,6,Nuevo José Zorrilla,27618,+€2.50m,null,2022,https://www.transfermarkt.co.uk/real-valladolid/startseite/verein/366
3691,tom-tomsk,Tom Tomsk,RU1,,0,,0,,0,Trud,10028,+-0,null,2016,https://www.transfermarkt.co.uk/tom-tomsk/startseite/verein/3691
533,tsg-1899-hoffenheim,TSG 1899 Hoffenheim,L1,,30,25.0,14,46.7,10,PreZero Arena,30150,+€13.70m,null,2023,https://www.transfermarkt.co.uk/tsg-1899-hoffenheim/startseite/verein/533
5818,hobro-ik,Hobro IK,DK1,,22,24.8,4,18.2,2,DS Arena,7500,+-0,null,2019,https://www.transfermarkt.co.uk/hobro-ik/startseite/verein/5818
605,aris-thessaloniki,Aris Thessaloniki,GR1,,28,27.9,25,89.3,5,"Gipedo ""Kleanthis Vikelidis""",22800,+€2.15m,null,2023,https://www.transfermarkt.co.uk/aris-thessaloniki/startseite/verein/605
60949,volos-nps,Volos NPS,GR1,,28,25.6,15,53.6,3,Panthessaliko Stadio,22700,+-0,null,2023,https://www.transfermarkt.co.uk/volos-nps/startseite/verein/60949
63007,lnz-lebedyn,LNZ Cherkasy,UKR1,,24,27.5,0,,0,Cherkasy-Arena,10321,€-150k,null,2023,https://www.transfermarkt.co.uk/lnz-lebedyn/startseite/verein/63007
723,almere-city-fc,Almere City FC,NL1,,29,23.9,11,37.9,1,Yanmar Stadion,4500,+-0,null,2023,https://www.transfermarkt.co.uk/almere-city-fc/startseite/verein/723
89,1-fc-union-berlin,1.FC Union Berlin,L1,,30,25.7,19,63.3,12,Stadion An der Alten Försterei,22012,€-11.10m,null,2023,https://www.transfermarkt.co.uk/1-fc-union-berlin/startseite/verein/89
8970,frosinone-calcio,Frosinone Calcio,IT1,,23,24.8,12,52.2,1,Benito Stirpe,16227,+€6.70m,null,2023,https://www.transfermarkt.co.uk/frosinone-calcio/startseite/verein/8970
995,fc-nantes,FC Nantes,FR1,,28,25.1,9,32.1,7,Stade de la Beaujoire,37463,+€6.75m,null,2023,https://www.transfermarkt.co.uk/fc-nantes/startseite/verein/995
1003,leicester-city,Leicester City,GB1,,25,27.1,14,56.0,11,King Power Stadium,32273,+€26.00m,null,2022,https://www.transfermarkt.co.uk/leicester-city/startseite/verein/1003
1010,fc-watford,Watford FC,GB1,,30,26.3,24,80.0,12,Vicarage Road,21577,+€42.02m,null,2021,https://www.transfermarkt.co.uk/fc-watford/startseite/verein/1010
11,fc-arsenal,Arsenal FC,GB1,,33,25.0,25,75.8,23,Emirates Stadium,60704,€-211.70m,null,2023,https://www.transfermarkt.co.uk/fc-arsenal/startseite/verein/11
1108,deportivo-alaves,Deportivo Alavés,ES1,,21,26.0,11,52.4,4,Mendizorroza,19840,€-3.30m,null,2023,https://www.transfermarkt.co.uk/deportivo-alaves/startseite/verein/1108
1132,fc-burnley,Burnley FC,GB1,,31,24.6,23,74.2,15,Turf Moor,21994,€-65.70m,null,2023,https://www.transfermarkt.co.uk/fc-burnley/startseite/verein/1132
1411,raec-mons,RAEC Mons (- 2015),BE1,,0,,0,,0,Charles Tondreau Stadion,12662,+-0,null,2013,https://www.transfermarkt.co.uk/raec-mons/startseite/verein/1411
1416,amiens-sc,Amiens SC,FR1,,24,24.1,10,41.7,7,Stade Crédit Agricole la Licorne,12999,+€700k,null,2019,https://www.transfermarkt.co.uk/amiens-sc/startseite/verein/1416
1420,sco-angers,Angers SCO,FR1,,27,24.2,12,44.4,5,Stade Raymond Kopa,19350,+€3.50m,null,2022,https://www.transfermarkt.co.uk/sco-angers/startseite/verein/1420
150,real-betis-sevilla,Real Betis Balompié,ES1,,25,28.4,13,52.0,7,Benito Villamarín,60721,+€14.50m,null,2023,https://www.transfermarkt.co.uk/real-betis-sevilla/startseite/verein/150
167,fc-augsburg,FC Augsburg,L1,,35,24.1,20,55.6,7,WWK ARENA,30660,+€1.45m,null,2023,https://www.transfermarkt.co.uk/fc-augsburg/startseite/verein/167
265,panathinaikos-athen,Panathinaikos Athens,GR1,,29,27.9,22,75.9,10,Apostolos Nikolaidis,15000,€-3.00m,null,2023,https://www.transfermarkt.co.uk/panathinaikos-athen/startseite/verein/265
2672,apo-levadiakos,APO Levadiakos,GR1,,31,27.5,17,58.6,0,Stadio Livadias,5915,+-0,null,2022,https://www.transfermarkt.co.uk/apo-levadiakos/startseite/verein/2672
2696,krylya-sovetov-samara,Krylya Sovetov Samara,RU1,,29,24.7,7,24.1,3,Solidarnost Samara Arena,42347,€-1.00m,null,2023,https://www.transfermarkt.co.uk/krylya-sovetov-samara/startseite/verein/2696
2740,vorskla-poltava,Vorskla Poltava,UKR1,,25,24.0,8,32.0,2,Vorskla im. Oleksiy Butovskyi,23842,+€1.00m,null,2023,https://www.transfermarkt.co.uk/vorskla-poltava/startseite/verein/2740
2832,gaziantep-fk,Gaziantep FK,TR1,,29,24.9,11,37.9,2,Kalyon Stadyumu,33502,+-0,null,2023,https://www.transfermarkt.co.uk/gaziantep-fk/startseite/verein/2832
2921,delfino-pescara-1936,Delfino Pescara 1936,IT1,,28,24.6,6,21.4,1,Adriatico,20476,+€4.60m,null,2016,https://www.transfermarkt.co.uk/delfino-pescara-1936/startseite/verein/2921
2990,academica-coimbra,Académica Coimbra,PO1,,26,25.2,6,23.1,0,Estádio Cidade de Coimbra,29744,+€150k,null,2015,https://www.transfermarkt.co.uk/academica-coimbra/startseite/verein/2990
306,sc-heerenveen,SC Heerenveen,NL1,,19,24.4,10,52.6,1,Abe Lenstra Stadion,27224,+-0,null,2023,https://www.transfermarkt.co.uk/sc-heerenveen/startseite/verein/306
3426,esbjerg-fb,Esbjerg fB,DK1,,27,22.7,10,37.0,2,Blue Water Arena,16942,+-0,null,2019,https://www.transfermarkt.co.uk/esbjerg-fb/startseite/verein/3426
369,lyngby-bk,Lyngby BK,DK1,,27,24.1,7,25.9,2,Lyngby Stadion,10000,+-0,null,2023,https://www.transfermarkt.co.uk/lyngby-bk/startseite/verein/369
370,aberdeen-fc,Aberdeen FC,SC1,,22,25.0,15,68.2,4,Pittodrie Stadium,22199,+€1.95m,null,2023,https://www.transfermarkt.co.uk/aberdeen-fc/startseite/verein/370
3725,akhmat-grozny,Akhmat Grozny,RU1,,25,26.6,9,36.0,2,Akhmat-Arena,30200,+€200k,null,2023,https://www.transfermarkt.co.uk/akhmat-grozny/startseite/verein/3725
42,hannover-96,Hannover 96,L1,,28,25.0,6,21.4,1,Heinz-von-Heiden-Arena,49000,€-300k,null,2018,https://www.transfermarkt.co.uk/hannover-96/startseite/verein/42
44,hertha-bsc,Hertha BSC,L1,,36,24.1,14,38.9,7,Olympiastadion Berlin,74667,+€6.70m,null,2022,https://www.transfermarkt.co.uk/hertha-bsc/startseite/verein/44
499,vitesse-arnheim,Vitesse Arnhem,NL1,,23,23.8,11,47.8,4,GelreDome,21248,+-0,null,2023,https://www.transfermarkt.co.uk/vitesse-arnheim/startseite/verein/499
5,ac-mailand,AC Milan,IT1,,34,25.8,26,76.5,16,Giuseppe Meazza,75923,€-6.50m,null,2023,https://www.transfermarkt.co.uk/ac-mailand/startseite/verein/5
512,stoke-city,Stoke City,GB1,,24,26.7,9,37.5,6,bet365 Stadium,30089,+€17.00m,null,2017,https://www.transfermarkt.co.uk/stoke-city/startseite/verein/512
5724,randers-fc,Randers FC,DK1,,24,24.9,10,41.7,2,Cepheus Park Randers,10300,+€1.25m,null,2023,https://www.transfermarkt.co.uk/randers-fc/startseite/verein/5724
621,athletic-bilbao,Athletic Bilbao,ES1,,29,26.4,1,3.4,3,San Mamés,53289,+-0,null,2023,https://www.transfermarkt.co.uk/athletic-bilbao/startseite/verein/621
6676,asteras-tripolis,Asteras Tripolis,GR1,,30,26.5,19,63.3,0,Gipedo Theodoros Kolokotronis,7423,+€100k,null,2023,https://www.transfermarkt.co.uk/asteras-tripolis/startseite/verein/6676
681,real-sociedad-san-sebastian,Real Sociedad,ES1,,28,24.9,5,17.9,7,Reale Arena,39313,+€6.30m,null,2023,https://www.transfermarkt.co.uk/real-sociedad-san-sebastian/startseite/verein/681
6992,chornomorets-odessa,Chornomorets Odessa,UKR1,,21,25.1,5,23.8,0,Stadion Chornomorets (2011),34164,+-0,null,2023,https://www.transfermarkt.co.uk/chornomorets-odessa/startseite/verein/6992
714,espanyol-barcelona,RCD Espanyol Barcelona,ES1,,26,25.4,6,23.1,4,RCDE Stadium,40500,+€5.50m,null,2022,https://www.transfermarkt.co.uk/espanyol-barcelona/startseite/verein/714
724,fc-volendam,FC Volendam,NL1,,27,22.9,10,37.0,0,Kras Stadion,7384,+-0,null,2023,https://www.transfermarkt.co.uk/fc-volendam/startseite/verein/724
800,atalanta-bergamo,Atalanta BC,IT1,,35,25.7,23,65.7,14,Gewiss Stadium,21747,+€15.50m,null,2023,https://www.transfermarkt.co.uk/atalanta-bergamo/startseite/verein/800
820,genclerbirligi-ankara,Genclerbirligi Ankara,TR1,,34,26.1,10,29.4,1,Eryaman Stadyumu,20560,+€195k,null,2020,https://www.transfermarkt.co.uk/genclerbirligi-ankara/startseite/verein/820
932,lokomotiv-moskau,Lokomotiv Moscow,RU1,,31,23.5,6,19.4,9,RZD Arena,27084,+€1.53m,null,2023,https://www.transfermarkt.co.uk/lokomotiv-moskau/startseite/verein/932
984,west-bromwich-albion,West Bromwich Albion,GB1,,25,27.8,8,32.0,4,The Hawthorns,26850,€-1.35m,null,2020,https://www.transfermarkt.co.uk/west-bromwich-albion/startseite/verein/984
105,sv-darmstadt-98,SV Darmstadt 98,L1,,28,25.6,12,42.9,1,Merck-Stadion am Böllenfalltor,17500,€-1.60m,null,2023,https://www.transfermarkt.co.uk/sv-darmstadt-98/startseite/verein/105
20100,fc-vestsjaelland,FC Vestsjaelland,DK1,,0,,0,,0,Harboe Arena,10000,+-0,null,2014,https://www.transfermarkt.co.uk/fc-vestsjaelland/startseite/verein/20100
2288,swansea-city,Swansea City,GB1,,22,24.8,17,77.3,4,Swansea.com Stadium,21088,+€8.35m,null,2017,https://www.transfermarkt.co.uk/swansea-city/startseite/verein/2288
2448,sporting-gijon,Sporting Gijón,ES1,,28,26.2,10,35.7,2,El Molinón - Enrique Castro Quini,29029,+€5.23m,null,2016,https://www.transfermarkt.co.uk/sporting-gijon/startseite/verein/2448
2477,karpaty-lviv,Karpaty Lviv (-2021),UKR1,,0,,0,,0,Stadion Ukraina,28051,+-0,null,2019,https://www.transfermarkt.co.uk/karpaty-lviv/startseite/verein/2477
29,fc-everton,Everton FC,GB1,,26,27.1,14,53.8,9,Goodison Park,39571,+€34.80m,null,2023,https://www.transfermarkt.co.uk/fc-everton/startseite/verein/29
290,aj-auxerre,AJ Auxerre,FR1,,26,24.3,15,55.6,6,Stade de l'Abbé-Deschamps,18541,+-0,null,2022,https://www.transfermarkt.co.uk/aj-auxerre/startseite/verein/290
30120,ae-kifisias,AE Kifisias,GR1,,25,25.4,9,36.0,0,Gipedo Rizoupolis,14200,+-0,null,2023,https://www.transfermarkt.co.uk/ae-kifisias/startseite/verein/30120
3057,standard-luttich,Standard Liège,BE1,,26,24.0,14,53.8,8,Maurice Dufrasne Stadion,27670,€-1.00m,null,2023,https://www.transfermarkt.co.uk/standard-luttich/startseite/verein/3057
3209,pendikspor,Pendikspor,TR1,,29,28.0,8,27.6,1,Pendik Stadı,2500,+-0,null,2023,https://www.transfermarkt.co.uk/pendikspor/startseite/verein/3209
3349,cd-feirense,CD Feirense,PO1,,24,25.0,11,45.8,2,Estádio Marcolino de Castro,5401,+€325k,null,2018,https://www.transfermarkt.co.uk/cd-feirense/startseite/verein/3349
3729,arsenal-tula,Arsenal Tula,RU1,,27,27.4,2,7.4,1,Arsenal,19241,+€1.80m,null,2021,https://www.transfermarkt.co.uk/arsenal-tula/startseite/verein/3729
4294,sc-farense,SC Farense,PO1,,29,27.0,14,48.3,1,Estádio São Luís,15000,+-0,null,2023,https://www.transfermarkt.co.uk/sc-farense/startseite/verein/4294
4795,fc-ingolstadt-04,FC Ingolstadt 04,L1,,28,24.3,8,28.6,1,Audi Sportpark,15800,+€1.55m,null,2016,https://www.transfermarkt.co.uk/fc-ingolstadt-04/startseite/verein/4795
524,gaziantepspor,Gaziantepspor (- 2020),TR1,,0,,0,,0,Gaziantep Stadyumu,33502,+-0,null,2016,https://www.transfermarkt.co.uk/gaziantepspor/startseite/verein/524
61825,fk-minaj,FK Minaj,UKR1,,24,25.2,1,4.2,0,Stadion Minaj,2000,+-0,null,2023,https://www.transfermarkt.co.uk/fk-minaj/startseite/verein/61825
6894,kayseri-erciyesspor,Kayseri Erciyesspor,TR1,,0,,0,,0,Kayseri Atatürk Spor Kompleksi Yan Açık Saha,2000,+-0,null,2014,https://www.transfermarkt.co.uk/kayseri-erciyesspor/startseite/verein/6894
1095,es-troyes-ac,ESTAC Troyes,FR1,,29,23.1,16,57.1,5,Stade de l'Aube,21877,+-0,null,2022,https://www.transfermarkt.co.uk/es-troyes-ac/startseite/verein/1095
11282,alanyaspor,Alanyaspor,TR1,,33,25.0,13,39.4,5,Kırbıyık Holding Stadyumu,10128,€-500k,null,2023,https://www.transfermarkt.co.uk/alanyaspor/startseite/verein/11282
114,besiktas-istanbul,Besiktas JK,TR1,,29,25.1,12,41.4,12,Vodafone Park,42590,€-3.75m,null,2023,https://www.transfermarkt.co.uk/besiktas-istanbul/startseite/verein/114
1244,cd-leganes,CD Leganés,ES1,,23,28.6,8,34.8,3,Butarque,12454,+€1.00m,null,2019,https://www.transfermarkt.co.uk/cd-leganes/startseite/verein/1244
1268,ado-den-haag,ADO Den Haag,NL1,,34,23.5,9,26.5,4,Bingoal Stadion,15000,+-0,null,2020,https://www.transfermarkt.co.uk/ado-den-haag/startseite/verein/1268
20698,balikesirspor,Balikesirspor,TR1,,22,22.0,1,4.5,0,Balıkesir Atatürk,15800,+-0,null,2014,https://www.transfermarkt.co.uk/balikesirspor/startseite/verein/20698
2420,vitoria-guimaraes-sc,Vitória Guimarães SC,PO1,,32,24.5,11,34.4,3,Estádio D. Afonso Henriques,30029,+€10.05m,null,2023,https://www.transfermarkt.co.uk/vitoria-guimaraes-sc/startseite/verein/2420
294,benfica-lissabon,SL Benfica,PO1,,28,24.7,16,57.1,11,Estádio da Luz,64642,€-29.32m,null,2023,https://www.transfermarkt.co.uk/benfica-lissabon/startseite/verein/294
331,ca-osasuna,CA Osasuna,ES1,,23,28.1,3,13.0,2,El Sadar,23576,+-0,null,2023,https://www.transfermarkt.co.uk/ca-osasuna/startseite/verein/331
3327,fc-penafiel,FC Penafiel,PO1,,28,27.9,4,14.3,0,Estádio Municipal 25 de Abril,5230,+-0,null,2014,https://www.transfermarkt.co.uk/fc-penafiel/startseite/verein/3327
3522,spezia-calcio,Spezia Calcio,IT1,,32,24.4,25,78.1,11,Alberto Picco,11676,€-3.95m,null,2022,https://www.transfermarkt.co.uk/spezia-calcio/startseite/verein/3522
354,kv-mechelen,KV Mechelen,BE1,,25,25.3,11,44.0,3,AFAS Stadion,16672,€-400k,null,2023,https://www.transfermarkt.co.uk/kv-mechelen/startseite/verein/354
399,leeds-united,Leeds United,GB1,,27,24.6,18,66.7,9,Elland Road,37890,+€930k,null,2022,https://www.transfermarkt.co.uk/leeds-united/startseite/verein/399
40,fc-girondins-bordeaux,FC Girondins Bordeaux,FR1,,26,22.7,13,50.0,6,Matmut Atlantique,42115,+€12.70m,null,2021,https://www.transfermarkt.co.uk/fc-girondins-bordeaux/startseite/verein/40
410,udinese-calcio,Udinese Calcio,IT1,,31,24.2,24,77.4,8,Dacia Arena,25144,€-4.00m,null,2023,https://www.transfermarkt.co.uk/udinese-calcio/startseite/verein/410
41201,pfk-tambov,PFK Tambov (-2021),RU1,,0,,0,,0,Mordovia Arena,44149,+-0,null,2020,https://www.transfermarkt.co.uk/pfk-tambov/startseite/verein/41201
54189,rwd-molenbeek,RWD Molenbeek,BE1,,21,25.0,10,47.6,1,Edmond Machtensstadion,11000,+€50k,null,2023,https://www.transfermarkt.co.uk/rwd-molenbeek/startseite/verein/54189
583,fc-paris-saint-germain,Paris Saint-Germain,FR1,,40,25.2,27,67.5,21,Parc des Princes,49691,€-138.00m,null,2023,https://www.transfermarkt.co.uk/fc-paris-saint-germain/startseite/verein/583
601,kv-kortrijk,KV Kortrijk,BE1,,22,24.2,12,54.5,4,Guldensporenstadion,9399,+€6.40m,null,2023,https://www.transfermarkt.co.uk/kv-kortrijk/startseite/verein/601
6414,metalist-kharkiv,Metalist Kharkiv (- 2016),UKR1,,0,,0,,0,OSK Metalist,38685,+-0,null,2015,https://www.transfermarkt.co.uk/metalist-kharkiv/startseite/verein/6414
642,de-graafschap-doetinchem,De Graafschap Doetinchem,NL1,,30,23.7,6,20.0,0,"Stadion ""De Vijverberg""",12600,+-0,null,2018,https://www.transfermarkt.co.uk/de-graafschap-doetinchem/startseite/verein/642
6994,metalurg-zaporizhya-bis-2016-,Metalurg Zaporizhya (-2016),UKR1,,0,,0,,0,Slavutych Arena,11883,+-0,null,2015,https://www.transfermarkt.co.uk/metalurg-zaporizhya-bis-2016-/startseite/verein/6994
7185,panthrakikos-komotini,Panthrakikos Komotini,GR1,,29,24.3,3,10.3,0,Stadio Komotinis OPAP,5601,+-0,null,2015,https://www.transfermarkt.co.uk/panthrakikos-komotini/startseite/verein/7185
798,sbv-excelsior-rotterdam,Excelsior Rotterdam,NL1,,26,23.4,9,34.6,0,Van Donge & De Roo Stadion - Woudestein,4400,€-175k,null,2023,https://www.transfermarkt.co.uk/sbv-excelsior-rotterdam/startseite/verein/798
924,istanbulspor,Istanbulspor,TR1,,29,24.3,14,48.3,4,Esenyurt Necmi Kadıoğlu Stadyumu,7500,€-400k,null,2023,https://www.transfermarkt.co.uk/istanbulspor/startseite/verein/924
1038,sampdoria-genua,UC Sampdoria,IT1,,33,24.3,5,15.6,4,Luigi Ferraris,36348,+€1.75m,null,2022,https://www.transfermarkt.co.uk/sampdoria-genua/startseite/verein/1038
1053,aalborg-bk,Aalborg BK,DK1,,27,24.5,10,37.0,0,Aalborg Portland Park,13800,+€350k,null,2022,https://www.transfermarkt.co.uk/aalborg-bk/startseite/verein/1053
1075,sc-braga,SC Braga,PO1,,28,26.0,17,60.7,3,Estádio Municipal de Braga,30286,€-10.30m,null,2023,https://www.transfermarkt.co.uk/sc-braga/startseite/verein/1075
12321,fc-girona,Girona FC,ES1,,27,26.1,11,40.7,5,Montilivi,13286,€-1.10m,null,2023,https://www.transfermarkt.co.uk/fc-girona/startseite/verein/12321
1241,livingston-fc,Livingston FC,SC1,,25,27.7,14,56.0,2,Tony Macaroni Arena,9512,+-0,null,2023,https://www.transfermarkt.co.uk/livingston-fc/startseite/verein/1241
1390,cagliari-calcio,Cagliari Calcio,IT1,,31,25.9,13,41.9,4,Unipol Domus,16416,+€3.60m,null,2023,https://www.transfermarkt.co.uk/cagliari-calcio/startseite/verein/1390
15,bayer-04-leverkusen,Bayer 04 Leverkusen,L1,,28,24.3,19,67.9,14,BayArena,30210,+€12.50m,null,2023,https://www.transfermarkt.co.uk/bayer-04-leverkusen/startseite/verein/15
1519,dundee-united-fc,Dundee United FC,SC1,,25,24.7,8,34.8,2,Tannadice Park,14223,+€350k,null,2022,https://www.transfermarkt.co.uk/dundee-united-fc/startseite/verein/1519
1531,fc-elche,Elche CF,ES1,,18,27.3,5,27.8,0,Manuel Martínez Valero,31388,+€1.00m,null,2022,https://www.transfermarkt.co.uk/fc-elche/startseite/verein/1531
1533,sd-eibar,SD Eibar,ES1,,26,28.3,5,19.2,0,Ipurua,8164,+€2.60m,null,2020,https://www.transfermarkt.co.uk/sd-eibar/startseite/verein/1533
16795,fc-granada,Granada CF,ES1,,26,26.8,7,26.9,3,Nuevo Los Cármenes,19336,€-3.70m,null,2023,https://www.transfermarkt.co.uk/fc-granada/startseite/verein/16795
19,brescia-calcio,Brescia Calcio,IT1,,28,25.1,12,42.9,1,Mario Rigamonti,19550,+€3.65m,null,2019,https://www.transfermarkt.co.uk/brescia-calcio/startseite/verein/19
202,fc-groningen,FC Groningen,NL1,,29,22.9,10,34.5,1,Euroborg,22555,€-586k,null,2022,https://www.transfermarkt.co.uk/fc-groningen/startseite/verein/202
2323,orduspor,Orduspor,TR1,,2,21.0,0,,0,19 Eylül Stadyum,11024,+-0,null,2012,https://www.transfermarkt.co.uk/orduspor/startseite/verein/2323
3325,gd-chaves,GD Chaves,PO1,,31,24.9,19,61.3,3,Estádio Municipal Eng.º Manuel Branco Teixeira,9000,+€450k,null,2023,https://www.transfermarkt.co.uk/gd-chaves/startseite/verein/3325
3609,rotor-volgograd,Rotor Volgograd,RU1,,27,23.9,2,7.4,0,Volgograd Arena,45568,€-13k,null,2020,https://www.transfermarkt.co.uk/rotor-volgograd/startseite/verein/3609
38,fortuna-dusseldorf,Fortuna Düsseldorf,L1,,29,25.9,12,41.4,2,MERKUR SPIEL-ARENA,54600,+€600k,null,2019,https://www.transfermarkt.co.uk/fortuna-dusseldorf/startseite/verein/38
4,1-fc-nurnberg,1.FC Nuremberg,L1,,33,25.2,7,21.2,2,Max-Morlock-Stadion,50000,+€2.63m,null,2018,https://www.transfermarkt.co.uk/1-fc-nurnberg/startseite/verein/4
403,willem-ii-tilburg,Willem II Tilburg,NL1,,27,25.9,7,25.9,0,Koning Willem II Stadion,14700,+€385k,null,2021,https://www.transfermarkt.co.uk/willem-ii-tilburg/startseite/verein/403
4102,carpi-fc-1909,AC Carpi,IT1,,25,23.6,6,24.0,1,Sandro Cabassi,5510,+-0,null,2015,https://www.transfermarkt.co.uk/carpi-fc-1909/startseite/verein/4102
415,fc-toulouse,FC Toulouse,FR1,,29,23.1,23,79.3,8,Stadium Municipal,33150,€-6.00m,null,2023,https://www.transfermarkt.co.uk/fc-toulouse/startseite/verein/415
449,trabzonspor,Trabzonspor,TR1,,30,24.8,13,43.3,12,Şenol Güneş Spor Kompleksi,40782,€-4.22m,null,2023,https://www.transfermarkt.co.uk/trabzonspor/startseite/verein/449
6418,panetolikos-gfs,Panetolikos GFS,GR1,,31,24.8,12,38.7,4,Gipedo Panetolikou,7321,+-0,null,2023,https://www.transfermarkt.co.uk/panetolikos-gfs/startseite/verein/6418
79,vfb-stuttgart,VfB Stuttgart,L1,,34,23.5,18,52.9,10,Mercedes-Benz Arena,60449,€-13.45m,null,2023,https://www.transfermarkt.co.uk/vfb-stuttgart/startseite/verein/79
83678,metal-kharkiv,Metalist Kharkiv,UKR1,,25,26.1,7,28.0,0,Avangard,10640,+€300k,null,2022,https://www.transfermarkt.co.uk/metal-kharkiv/startseite/verein/83678
964,zenit-st-petersburg,Zenit St. Petersburg,RU1,,27,26.0,12,44.4,12,Gazprom Arena,63026,€-22.71m,null,2023,https://www.transfermarkt.co.uk/zenit-st-petersburg/startseite/verein/964
979,moreirense-fc,Moreirense FC,PO1,,22,25.6,15,68.2,0,E. C. J. de Almeida Freitas,6153,€-1.00m,null,2023,https://www.transfermarkt.co.uk/moreirense-fc/startseite/verein/979
1063,viborg-ff,Viborg FF,DK1,,24,22.7,12,50.0,3,Viborg Stadion,10000,+€2.87m,null,2023,https://www.transfermarkt.co.uk/viborg-ff/startseite/verein/1063
121,dinamo-moskau,Dynamo Moscow,RU1,,26,25.2,10,38.5,10,VTB-Arena,25716,+€12.25m,null,2023,https://www.transfermarkt.co.uk/dinamo-moskau/startseite/verein/121
18303,fk-oleksandriya,FK Oleksandriya,UKR1,,22,23.9,1,4.5,2,KSK Nika,7000,+€730k,null,2023,https://www.transfermarkt.co.uk/fk-oleksandriya/startseite/verein/18303
19789,yeni-malatyaspor,Yeni Malatyaspor,TR1,,10,22.9,1,10.0,0,Yeni Malatya Stadyumu,25745,+€778k,null,2021,https://www.transfermarkt.co.uk/yeni-malatyaspor/startseite/verein/19789
2292,elazigspor,Elazigspor,TR1,,33,24.9,0,,0,Elazığ Doğukent Stadı,2500,+€17k,null,2013,https://www.transfermarkt.co.uk/elazigspor/startseite/verein/2292
2760,partick-thistle-fc,Partick Thistle FC,SC1,,19,27.9,1,5.3,0,The Energy Check Stadium at Firhill,10102,+-0,null,2017,https://www.transfermarkt.co.uk/partick-thistle-fc/startseite/verein/2760
367,rayo-vallecano,Rayo Vallecano,ES1,,24,28.0,9,37.5,5,Campo de Fútbol de Vallecas,15105,+€5.00m,null,2023,https://www.transfermarkt.co.uk/rayo-vallecano/startseite/verein/367
3709,fc-getafe,Getafe CF,ES1,,26,27.5,14,53.8,7,Coliseum Alfonso Pérez,16800,€-7.50m,null,2023,https://www.transfermarkt.co.uk/fc-getafe/startseite/verein/3709
380,us-salernitana-1919,US Salernitana 1919,IT1,,30,26.5,18,60.0,9,Arechi,29739,€-17.50m,null,2023,https://www.transfermarkt.co.uk/us-salernitana-1919/startseite/verein/380
41,hamburger-sv,Hamburger SV,L1,,30,23.6,15,50.0,4,Volksparkstadion,57000,€-6.00m,null,2017,https://www.transfermarkt.co.uk/hamburger-sv/startseite/verein/41
43,heart-of-midlothian-fc,Heart of Midlothian FC,SC1,,24,26.8,13,54.2,8,Tynecastle Park,19852,+-0,null,2023,https://www.transfermarkt.co.uk/heart-of-midlothian-fc/startseite/verein/43
465,st-mirren-fc,St. Mirren FC,SC1,,23,26.2,16,69.6,6,The SMISA Stadium,8023,€-146k,null,2023,https://www.transfermarkt.co.uk/st-mirren-fc/startseite/verein/465
468,sparta-rotterdam,Sparta Rotterdam,NL1,,24,24.5,12,50.0,2,"Sparta-stadion ""Het Kasteel""",11026,€-650k,null,2023,https://www.transfermarkt.co.uk/sparta-rotterdam/startseite/verein/468
472,ud-las-palmas,UD Las Palmas,ES1,,23,26.9,4,17.4,2,Estadio de Gran Canaria,32400,€-1.40m,null,2023,https://www.transfermarkt.co.uk/ud-las-palmas/startseite/verein/472
660,shakhtar-donetsk,Shakhtar Donetsk,UKR1,,37,23.3,9,24.3,12,Arena Lviv,34915,€-4.40m,null,2023,https://www.transfermarkt.co.uk/shakhtar-donetsk/startseite/verein/660
749,fc-empoli,FC Empoli,IT1,,28,24.1,11,39.3,5,Carlo Castellani,19847,+€44.30m,null,2023,https://www.transfermarkt.co.uk/fc-empoli/startseite/verein/749
750,fc-sochaux-montbeliard,FC Sochaux-Montbéliard,FR1,,25,26.2,11,44.0,4,Stade Auguste-Bonal,20005,+€4.00m,null,2013,https://www.transfermarkt.co.uk/fc-sochaux-montbeliard/startseite/verein/750
82,vfl-wolfsburg,VfL Wolfsburg,L1,,30,23.7,19,63.3,11,Volkswagen Arena,30000,+€3.50m,null,2023,https://www.transfermarkt.co.uk/vfl-wolfsburg/startseite/verein/82
940,celta-vigo,Celta de Vigo,ES1,,26,25.4,9,34.6,6,Abanca Balaídos,29000,+€6.50m,null,2023,https://www.transfermarkt.co.uk/celta-vigo/startseite/verein/940
976,cf-uniao-madeira,CF União Madeira (-2021),PO1,,0,,0,,0,Centro Desportivo da Madeira,2500,+-0,null,2015,https://www.transfermarkt.co.uk/cf-uniao-madeira/startseite/verein/976
987,motherwell-fc,Motherwell FC,SC1,,23,26.3,13,56.5,2,Fir Park,13750,+€586k,null,2023,https://www.transfermarkt.co.uk/motherwell-fc/startseite/verein/987
